age;gender;address;Medu;Fedu;internet;romantic;freetime;health;studytime;failures;schoolsup;famsup;paid;absences;G3
21;1;1;1;0;1;0;1;2;4;1;0;1;0;4.0;17.0
18;0;1;0;2;1;1;4;1;1;3;1;0;1;25.0;10.0
19;1;0;2;1;1;0;1;4;4;3;1;1;1;9.0;17.0
21;1;1;0;3;1;0;4;2;3;0;1;1;0;29.0;19.0
17;1;1;0;3;1;1;4;4;2;3;1;0;0;32.0;11.0
19;1;1;1;1;0;0;2;2;2;1;1;1;0;28.0;14.0
19;0;1;3;2;1;1;3;2;4;0;1;0;0;37.0;20.0
21;0;1;0;0;1;1;1;4;4;0;0;1;0;17.0;16.0
16;0;0;2;0;1;0;2;2;3;1;1;0;0;38.0;14.0
17;1;0;2;3;1;1;1;4;3;2;1;0;1;22.0;18.0
21;0;0;3;1;1;0;4;1;4;3;1;0;0;24.0;16.0
17;1;1;2;3;1;1;1;4;4;0;1;0;0;32.0;20.0
17;0;0;3;1;1;1;3;1;3;2;0;0;0;1.0;18.0
19;0;1;2;0;1;1;4;2;1;1;0;1;1;33.0;13.0
18;0;1;1;2;0;0;4;4;3;3;1;1;1;31.0;15.0
17;1;1;0;1;1;1;2;2;1;3;1;1;1;15.0;8.0
20;0;1;1;0;1;0;3;4;2;0;1;0;1;4.0;19.0
19;0;0;0;3;1;1;4;1;2;3;0;1;0;5.0;14.0
16;1;0;0;1;1;1;3;1;3;3;0;0;1;46.0;7.0
18;0;1;0;2;0;0;1;4;1;3;0;0;0;34.0;6.0
20;1;0;1;3;0;0;3;1;3;3;0;1;0;6.0;16.0
20;0;1;0;3;0;0;4;2;3;1;1;0;0;18.0;17.0
16;1;0;1;0;0;0;2;2;1;2;0;1;0;30.0;7.0
18;1;0;3;1;0;0;4;3;3;1;0;0;0;42.0;17.0
19;0;1;2;3;0;1;3;1;2;1;1;0;0;2.0;20.0
15;1;0;2;2;0;1;3;2;4;0;1;1;1;12.0;20.0
18;1;1;0;1;0;0;4;4;4;3;0;0;1;44.0;10.0
16;1;0;1;2;0;1;3;1;3;1;0;1;1;0.0;19.0
20;1;1;2;3;0;1;1;2;1;3;0;0;1;10.0;13.0
19;1;1;1;2;0;1;4;1;1;1;0;1;1;48.0;13.0
18;1;0;1;0;0;0;2;4;2;1;1;0;0;31.0;12.0
15;0;0;0;2;0;1;4;2;1;0;1;1;1;13.0;16.0
15;1;1;2;1;0;1;1;3;1;2;0;1;1;3.0;13.0
17;1;0;0;2;0;1;1;3;2;2;0;0;1;1.0;13.0
17;0;0;0;2;0;0;1;1;3;1;0;1;0;12.0;13.0
21;0;1;2;0;1;1;1;4;4;0;0;0;0;44.0;16.0
16;0;1;2;2;0;1;1;2;2;3;0;0;0;21.0;10.0
18;0;0;3;2;1;0;2;4;3;3;1;1;1;36.0;17.0
18;0;1;3;3;0;0;3;2;2;1;1;1;1;46.0;18.0
21;0;1;1;3;0;1;1;1;3;2;1;1;1;20.0;15.0
20;0;1;2;1;1;1;1;2;2;0;0;1;1;10.0;19.0
20;1;0;3;3;0;0;4;4;3;2;0;1;1;26.0;20.0
21;1;0;1;3;1;0;2;4;2;3;1;0;0;45.0;12.0
20;0;1;1;3;1;0;2;1;3;2;1;1;1;40.0;15.0
17;1;0;1;3;1;0;3;4;2;3;0;0;0;3.0;17.0
18;1;1;3;0;0;0;2;2;4;0;1;1;1;35.0;18.0
21;1;0;2;3;0;0;4;1;4;0;0;1;0;29.0;20.0
18;0;1;0;0;0;0;4;2;1;1;0;1;0;45.0;8.0
15;0;1;1;0;1;1;3;4;3;1;1;0;0;6.0;16.0
17;1;0;3;3;1;0;4;1;2;2;1;1;0;27.0;19.0
19;0;1;3;2;0;0;1;2;3;0;1;0;1;44.0;18.0
17;1;0;0;0;0;1;1;4;4;0;0;0;1;21.0;14.0
21;1;0;0;2;0;0;4;4;3;1;0;0;1;24.0;17.0
19;1;1;3;2;0;0;3;3;2;3;1;1;0;4.0;18.0
15;1;1;2;3;0;1;2;4;3;2;0;0;1;14.0;18.0
21;0;0;0;1;1;0;3;2;2;2;0;1;1;16.0;12.0
16;0;1;3;3;1;1;2;1;4;1;0;0;1;47.0;19.0
18;0;1;0;1;1;1;4;3;4;0;1;1;1;14.0;20.0
15;1;1;2;1;0;1;4;4;4;1;0;0;0;23.0;18.0
18;0;1;1;3;1;1;1;4;1;1;1;1;0;34.0;15.0
20;1;1;0;3;1;0;2;4;4;1;1;1;1;8.0;20.0
16;0;0;2;1;1;1;3;2;3;1;0;1;1;24.0;17.0
16;1;0;3;3;1;1;4;3;1;3;1;0;1;37.0;15.0
15;1;1;0;1;1;0;3;2;4;3;0;0;0;43.0;8.0
16;1;1;0;2;0;1;1;3;3;0;1;1;0;31.0;15.0
19;0;1;3;3;1;1;2;1;3;1;1;0;0;33.0;19.0
16;0;0;1;2;0;1;2;2;3;3;0;0;1;6.0;12.0
18;0;1;3;0;0;1;4;2;2;0;1;0;0;47.0;15.0
18;0;0;0;2;0;0;2;1;1;1;1;0;0;7.0;13.0
21;1;0;3;2;0;1;4;3;3;2;1;0;0;39.0;16.0
18;0;0;2;1;0;0;1;4;2;3;0;0;0;13.0;11.0
21;0;1;3;2;1;0;2;1;4;0;0;0;0;47.0;20.0
18;1;0;0;3;1;1;4;4;3;2;1;1;1;36.0;16.0
19;1;1;3;1;0;1;3;4;2;1;1;1;1;38.0;16.0
21;1;0;1;0;0;1;4;1;3;1;1;0;1;11.0;14.0
17;0;1;3;3;0;1;2;3;1;1;0;1;1;22.0;20.0
20;1;0;1;0;1;0;1;4;1;3;0;1;0;31.0;8.0
15;1;1;2;2;0;0;2;1;4;0;1;1;1;38.0;19.0
18;1;0;1;3;1;0;2;2;3;2;0;0;1;5.0;18.0
16;0;1;3;3;0;1;4;2;2;0;0;0;1;48.0;19.0
18;1;1;0;0;1;0;3;2;4;3;0;0;0;45.0;7.0
16;0;1;1;3;0;1;2;1;3;0;0;0;1;14.0;19.0
20;0;1;2;3;1;1;3;2;4;3;1;0;0;41.0;15.0
20;1;0;1;3;0;1;4;4;2;1;0;1;0;26.0;18.0
20;1;0;1;2;1;1;3;2;4;2;0;0;0;23.0;16.0
16;0;1;1;0;1;1;4;2;4;1;1;1;1;16.0;17.0
18;1;0;2;3;1;0;1;4;4;0;1;0;0;29.0;20.0
20;1;1;3;1;1;0;3;2;3;1;0;1;1;36.0;17.0
19;0;1;1;1;1;1;3;4;2;2;0;0;1;21.0;13.0
21;0;0;1;1;1;0;1;2;1;1;1;0;1;31.0;12.0
16;1;1;0;1;1;1;3;4;3;2;1;0;0;35.0;12.0
16;0;1;2;2;0;1;1;2;1;2;1;0;0;36.0;10.0
18;1;0;1;3;0;1;2;4;1;1;0;0;1;3.0;18.0
16;1;1;2;0;0;0;4;1;3;3;0;0;0;43.0;7.0
16;1;1;1;3;0;1;1;4;3;0;1;1;0;23.0;20.0
20;0;1;3;2;0;1;3;2;2;3;0;0;0;13.0;14.0
18;1;1;3;1;1;0;1;2;2;3;1;1;1;12.0;16.0
20;1;0;1;2;1;0;3;3;4;1;0;0;0;24.0;18.0
21;1;0;3;3;1;0;2;4;1;0;1;1;0;44.0;20.0
21;0;0;1;0;1;1;1;1;2;0;1;1;1;19.0;14.0
20;0;1;3;2;1;1;2;4;4;3;0;1;0;37.0;16.0
21;0;1;0;0;0;0;4;4;2;1;0;1;1;5.0;14.0
18;0;0;0;2;0;1;3;1;3;0;0;1;0;24.0;15.0
15;0;1;0;0;0;0;3;4;2;3;0;1;0;50.0;5.0
20;1;1;2;0;0;0;2;1;1;0;0;0;0;39.0;11.0
19;0;1;2;1;1;1;4;1;2;1;0;1;0;11.0;17.0
19;0;1;0;0;1;1;1;4;1;1;1;0;0;25.0;11.0
16;0;0;2;1;1;0;1;4;3;1;0;0;0;12.0;18.0
21;1;0;3;3;0;0;3;2;1;0;1;1;1;20.0;20.0
19;0;0;1;3;1;0;2;2;2;2;1;1;0;39.0;14.0
16;0;1;1;1;0;0;2;3;4;0;0;0;0;39.0;16.0
15;1;0;1;1;1;1;1;3;3;2;1;1;0;11.0;15.0
18;0;0;0;2;1;0;4;4;2;1;1;1;1;46.0;15.0
18;1;1;2;2;0;0;4;1;3;3;0;1;1;30.0;14.0
18;1;1;3;2;1;0;1;3;3;2;0;1;1;19.0;18.0
19;1;0;3;3;1;1;1;4;2;1;0;1;0;25.0;20.0
15;1;0;0;2;0;1;2;3;2;1;1;1;0;30.0;13.0
19;1;0;3;0;1;0;4;1;4;2;0;1;1;28.0;16.0
21;0;0;3;0;0;1;1;4;3;3;0;0;1;24.0;11.0
19;1;1;3;2;1;1;1;1;3;1;0;1;1;25.0;19.0
15;1;0;3;0;1;1;3;4;2;2;0;0;0;9.0;16.0
15;0;0;2;3;1;0;1;3;1;3;1;0;1;41.0;12.0
21;1;1;3;0;1;0;1;2;2;3;0;0;0;27.0;10.0
15;0;0;1;3;1;1;4;3;3;1;1;0;0;7.0;20.0
15;0;1;0;1;1;0;2;3;2;0;0;1;0;38.0;15.0
18;0;1;2;1;1;0;4;2;4;0;1;0;1;47.0;19.0
21;1;1;3;1;1;1;2;2;1;1;1;0;0;47.0;14.0
17;1;0;2;1;0;1;3;4;2;3;1;0;1;18.0;13.0
17;1;0;3;0;0;0;1;4;4;1;0;0;1;7.0;19.0
15;0;1;1;2;1;1;3;1;3;2;1;0;1;26.0;14.0
17;1;0;0;0;1;0;2;1;2;0;0;1;1;6.0;14.0
17;1;0;3;3;0;0;4;3;3;2;0;1;0;47.0;17.0
15;1;1;3;0;1;1;4;2;4;1;0;0;0;9.0;19.0
17;0;1;3;0;1;0;3;1;3;1;0;1;0;13.0;18.0
19;0;0;3;3;0;0;2;3;4;3;0;1;0;20.0;18.0
16;1;1;0;1;1;1;3;2;4;3;1;0;1;19.0;12.0
21;1;0;0;1;1;1;3;4;4;3;0;0;1;40.0;9.0
16;1;0;1;1;0;1;1;3;2;2;1;0;1;23.0;12.0
15;1;0;0;2;1;0;3;4;3;3;1;1;1;9.0;15.0
18;0;0;3;3;1;1;1;1;3;1;1;0;0;13.0;20.0
21;0;1;1;3;0;1;1;1;1;3;1;1;1;25.0;11.0
15;0;1;1;0;1;1;4;2;1;0;1;1;0;7.0;16.0
18;0;1;1;2;0;1;1;3;1;3;1;1;1;31.0;10.0
16;1;1;3;1;1;0;1;4;1;2;1;0;1;28.0;14.0
15;1;0;2;2;1;0;4;2;3;0;0;1;1;36.0;20.0
21;1;0;3;3;0;1;3;1;4;0;1;0;1;47.0;20.0
21;0;1;0;3;0;0;2;1;4;0;0;0;0;46.0;15.0
20;1;0;0;0;1;1;2;3;2;2;1;0;0;47.0;7.0
19;0;0;3;0;0;1;2;4;4;1;1;0;0;12.0;19.0
17;0;0;3;3;0;0;3;3;3;3;1;0;0;7.0;20.0
18;1;1;1;1;1;0;1;4;3;0;1;1;1;15.0;20.0
20;1;1;3;1;1;1;2;4;3;0;0;1;1;45.0;20.0
17;1;1;1;2;1;1;3;3;2;0;0;1;0;49.0;15.0
17;0;0;0;3;0;0;1;2;1;1;0;1;0;43.0;10.0
15;1;1;1;3;0;1;4;3;4;1;1;1;1;6.0;20.0
17;0;1;3;1;0;0;2;3;3;2;1;0;1;47.0;13.0
19;1;1;0;1;0;1;1;1;3;1;1;0;0;21.0;11.0
21;0;1;2;3;1;1;2;1;1;3;0;1;0;0.0;16.0
20;0;1;1;0;0;0;2;3;3;2;1;1;0;22.0;12.0
17;1;1;0;3;1;0;2;3;4;2;0;1;1;2.0;19.0
15;0;0;1;3;0;0;1;1;2;3;0;0;0;27.0;10.0
19;0;0;0;1;1;0;3;4;3;3;1;0;0;17.0;12.0
16;1;1;0;1;1;0;1;3;4;3;1;0;0;24.0;11.0
21;0;1;1;0;1;0;2;2;3;2;0;1;0;31.0;11.0
21;1;0;2;0;0;0;1;2;1;2;0;1;0;43.0;8.0
20;0;0;0;2;1;1;4;2;3;2;0;1;1;33.0;14.0
21;1;1;0;3;1;1;3;3;3;3;1;1;0;22.0;14.0
17;1;1;0;1;0;1;1;4;2;3;1;0;1;41.0;6.0
15;0;1;2;0;1;0;4;4;1;0;1;1;0;45.0;16.0
21;0;1;2;2;0;0;3;1;1;1;1;1;0;6.0;18.0
21;0;0;3;2;0;0;4;3;2;0;1;1;0;27.0;20.0
16;0;1;1;1;1;1;3;4;3;3;1;0;1;14.0;13.0
16;0;1;2;1;1;0;1;3;4;2;0;0;1;2.0;18.0
18;1;1;1;2;0;0;4;1;1;3;0;1;1;33.0;9.0
19;0;1;3;0;1;1;2;1;1;1;0;0;0;43.0;11.0
17;1;0;1;2;0;0;4;1;3;0;1;0;0;8.0;19.0
21;1;0;2;3;0;1;3;2;3;0;0;0;1;41.0;17.0
21;0;0;1;3;0;1;1;3;1;2;1;0;1;43.0;12.0
15;1;1;2;1;1;0;3;1;3;0;1;0;0;46.0;16.0
18;1;1;1;0;0;0;4;3;4;0;0;1;1;13.0;19.0
19;1;0;2;0;1;0;4;2;1;3;1;1;0;45.0;9.0
18;1;1;2;3;1;1;2;2;4;0;0;1;1;16.0;20.0
20;0;1;1;2;1;1;1;1;4;0;0;0;1;28.0;18.0
19;1;0;3;1;1;1;1;1;3;0;1;0;1;3.0;20.0
21;0;0;0;2;0;0;4;4;4;2;0;0;0;2.0;16.0
21;0;0;3;2;1;0;1;3;3;2;0;0;0;36.0;16.0
19;1;0;1;2;0;0;2;1;2;3;0;1;1;22.0;10.0
21;0;1;3;0;0;0;3;4;3;0;0;1;0;13.0;20.0
17;0;1;2;3;1;1;1;3;4;2;1;1;0;10.0;20.0
19;0;0;0;0;0;1;4;1;2;2;0;1;0;33.0;7.0
18;1;1;1;3;0;1;3;4;3;3;0;1;0;0.0;16.0
19;0;0;1;1;1;1;3;4;4;1;0;1;1;40.0;16.0
21;0;0;1;1;0;0;2;3;1;0;1;0;0;4.0;17.0
17;0;1;0;2;0;0;4;4;1;2;0;0;0;10.0;13.0
17;1;0;2;3;0;0;1;3;3;3;1;1;1;19.0;17.0
20;0;1;1;3;0;1;4;3;3;3;0;0;0;24.0;14.0
18;1;1;3;3;1;1;3;3;1;3;0;1;0;18.0;17.0
16;1;1;1;2;0;0;4;2;4;2;0;1;0;16.0;16.0
16;1;1;1;2;0;0;1;4;4;0;1;0;1;48.0;18.0
19;1;0;1;1;0;1;1;3;4;1;1;1;1;32.0;15.0
20;1;1;1;0;0;0;2;1;3;0;1;1;0;1.0;15.0
15;1;0;2;3;1;1;1;2;2;3;1;1;0;22.0;14.0
19;0;0;3;3;0;1;1;2;2;3;1;0;1;44.0;13.0
20;1;0;2;0;1;1;4;4;2;1;1;0;1;15.0;17.0
18;0;0;3;3;0;0;4;3;2;0;0;0;1;5.0;20.0
18;0;1;1;2;1;0;3;4;2;3;1;0;0;38.0;12.0
18;1;1;0;2;1;1;2;2;3;3;0;1;0;30.0;10.0
18;0;0;2;3;1;0;4;3;3;0;1;0;1;29.0;20.0
18;0;0;0;2;1;1;1;1;2;3;1;0;0;3.0;11.0
20;0;1;2;2;1;1;3;3;3;0;1;0;0;7.0;20.0
20;0;0;1;3;0;1;4;2;3;3;0;1;0;31.0;13.0
17;1;1;2;1;0;1;2;1;2;0;1;0;0;10.0;17.0
16;0;0;1;0;0;0;2;3;4;1;1;0;0;25.0;15.0
21;1;1;2;2;1;1;3;1;3;3;0;1;0;27.0;14.0
18;0;0;1;1;0;1;3;1;4;1;0;1;0;14.0;15.0
15;0;0;1;2;1;0;3;2;3;3;0;1;1;47.0;11.0
21;1;1;3;2;1;1;3;1;3;3;0;1;1;42.0;13.0
20;0;0;1;0;0;1;3;4;2;2;1;0;1;36.0;9.0
15;0;0;3;2;0;0;1;2;3;0;0;1;1;4.0;20.0
15;0;1;1;0;1;0;1;4;1;1;1;0;1;5.0;15.0
15;1;0;0;0;1;0;4;1;1;1;1;0;1;25.0;11.0
17;0;1;1;0;0;1;2;4;2;1;0;0;1;8.0;13.0
20;1;1;0;1;0;0;1;3;4;0;1;0;1;49.0;13.0
15;0;0;0;3;0;0;1;1;4;2;0;0;1;8.0;15.0
18;1;0;1;1;0;1;1;3;4;1;1;1;0;24.0;16.0
19;1;0;0;3;1;1;4;4;1;0;0;0;0;18.0;17.0
15;0;0;3;3;0;1;3;3;4;3;0;0;1;32.0;17.0
17;0;0;2;0;0;1;4;1;4;1;0;0;0;6.0;17.0
21;1;0;1;2;0;1;2;3;2;1;0;1;0;22.0;15.0
20;1;0;0;0;1;0;2;4;4;2;0;0;1;14.0;14.0
17;0;1;1;2;1;0;2;4;1;1;0;0;1;44.0;13.0
15;1;0;3;3;1;0;2;4;1;1;1;1;1;2.0;20.0
20;0;1;1;0;1;1;1;1;1;3;1;0;0;46.0;4.0
19;0;0;1;2;0;1;1;4;2;0;1;0;0;42.0;16.0
15;0;0;0;1;1;1;4;1;2;0;0;1;1;15.0;15.0
17;0;1;3;2;0;0;3;3;3;2;1;0;0;39.0;16.0
16;1;0;2;0;0;0;2;4;4;3;0;0;0;2.0;14.0
18;0;0;2;1;0;1;4;3;2;0;1;0;0;48.0;14.0
21;1;1;0;2;0;0;1;2;1;3;1;0;1;26.0;8.0
17;0;0;1;2;1;1;1;3;1;0;0;0;0;15.0;15.0
20;1;0;0;2;1;0;3;2;2;3;1;1;0;18.0;12.0
15;0;0;0;2;1;0;3;3;2;2;1;1;0;3.0;15.0
18;1;1;0;2;0;0;3;1;2;1;1;1;0;49.0;11.0
15;1;0;1;1;0;1;4;3;3;2;0;0;0;2.0;15.0
20;0;0;3;3;0;0;1;1;1;0;1;0;0;33.0;18.0
15;0;0;0;1;0;0;1;1;3;2;0;0;0;22.0;9.0
16;0;0;1;1;0;1;3;4;3;1;1;1;1;47.0;14.0
18;0;1;3;1;1;0;2;1;4;2;1;0;1;12.0;17.0
18;1;1;0;3;0;1;3;2;1;0;1;0;0;27.0;15.0
20;0;0;2;0;1;1;4;4;1;0;1;0;1;24.0;17.0
21;1;0;3;3;0;1;3;4;2;2;0;1;0;35.0;17.0
16;1;1;0;1;0;1;3;3;2;1;1;1;0;3.0;15.0
17;0;1;3;2;1;1;4;1;4;2;0;0;0;10.0;20.0
15;1;0;3;2;1;0;3;1;3;1;0;0;1;11.0;20.0
19;1;1;3;1;0;1;1;2;2;3;1;0;0;37.0;10.0
15;1;0;3;2;0;1;2;3;2;1;1;1;0;9.0;20.0
15;1;1;3;1;0;1;3;3;1;3;0;1;1;29.0;12.0
17;0;1;3;2;0;1;4;4;1;2;0;1;1;11.0;18.0
15;0;1;0;3;1;0;2;4;2;1;1;0;0;43.0;15.0
16;0;1;2;0;0;1;4;4;1;3;1;1;1;47.0;9.0
16;0;0;1;0;1;0;2;2;4;3;1;0;1;26.0;10.0
18;1;1;3;3;0;1;2;2;2;3;1;0;0;18.0;16.0
20;1;1;1;3;1;0;3;4;1;0;1;1;0;12.0;20.0
21;0;0;0;1;1;1;1;3;4;2;0;0;0;2.0;13.0
19;0;1;3;1;0;1;3;2;1;3;1;1;1;13.0;13.0
15;0;1;2;1;1;0;4;3;1;1;1;0;1;33.0;15.0
15;1;0;1;2;0;1;4;3;1;3;0;0;1;27.0;10.0
17;0;1;3;1;1;0;2;1;2;0;1;1;0;47.0;17.0
20;0;0;0;3;0;1;2;4;3;2;1;0;1;20.0;16.0
16;0;0;2;0;1;0;1;1;1;0;0;0;1;35.0;13.0
19;1;0;1;2;0;1;3;4;4;0;1;0;0;24.0;20.0
18;1;0;1;1;0;1;4;4;2;0;0;0;0;26.0;15.0
16;1;1;3;2;1;0;2;3;2;1;1;0;0;13.0;20.0
20;1;0;2;2;1;1;1;4;4;2;1;0;1;23.0;17.0
21;1;1;2;1;1;1;4;3;1;2;1;0;0;24.0;13.0
18;1;1;2;2;1;1;2;3;3;1;0;0;1;35.0;17.0
21;1;1;2;0;0;1;4;4;1;2;0;1;1;47.0;10.0
17;1;1;0;3;1;1;1;3;4;0;0;1;0;16.0;20.0
17;0;1;2;3;0;1;1;3;2;2;0;0;0;2.0;16.0
15;0;1;1;0;1;0;4;3;3;1;1;0;0;25.0;15.0
21;1;1;1;2;0;0;3;2;2;0;0;1;0;27.0;17.0
20;1;1;0;1;0;0;4;3;4;1;0;0;0;8.0;15.0
19;0;1;1;2;0;1;2;2;1;3;0;1;1;38.0;8.0
18;1;1;1;0;0;0;3;2;3;0;1;1;1;49.0;14.0
16;1;0;2;2;1;1;2;3;2;0;1;1;1;47.0;17.0
20;1;0;1;3;1;1;4;3;2;2;0;0;0;10.0;17.0
20;0;0;0;2;0;1;3;2;2;0;0;0;1;44.0;13.0
17;0;1;2;0;1;1;2;2;1;1;1;0;0;35.0;11.0
21;0;0;3;3;1;0;4;3;3;2;0;1;0;23.0;20.0
15;0;0;2;2;0;1;4;3;1;3;0;1;1;27.0;12.0
15;0;0;0;2;1;0;3;4;1;1;0;1;1;42.0;14.0
18;1;1;2;3;1;1;4;2;1;3;0;0;0;24.0;15.0
17;0;1;2;1;1;0;1;2;4;3;1;1;1;19.0;15.0
20;1;1;0;3;0;0;2;4;4;3;1;1;0;25.0;15.0
19;1;1;2;1;1;0;2;2;4;0;1;0;1;29.0;20.0
17;0;0;0;0;0;0;4;1;3;1;0;1;1;9.0;13.0
18;0;0;0;0;1;0;4;2;1;1;0;1;1;45.0;10.0
18;1;0;3;3;1;0;1;4;1;0;1;0;1;34.0;20.0
17;1;0;1;3;1;1;3;1;4;2;1;0;1;32.0;16.0
18;1;1;1;0;0;0;4;3;1;3;1;1;0;5.0;10.0
17;0;1;2;1;0;1;4;4;1;1;0;0;1;30.0;15.0
16;0;1;2;0;1;0;4;4;2;0;1;1;1;6.0;20.0
17;0;0;3;3;0;1;4;3;1;3;0;0;1;4.0;17.0
21;0;1;3;0;1;0;2;4;2;2;0;1;0;26.0;14.0
17;0;1;3;3;0;0;4;2;1;2;1;0;0;20.0;17.0
18;1;0;0;3;0;1;2;3;3;3;1;1;0;29.0;12.0
21;0;0;3;0;1;0;4;4;4;2;0;0;0;4.0;19.0
18;1;1;3;1;1;0;3;3;2;1;1;0;0;22.0;18.0
15;1;1;2;2;1;0;1;3;4;1;1;0;1;9.0;20.0
15;1;1;3;0;1;1;3;3;2;1;0;0;1;49.0;14.0
21;0;1;0;2;0;0;4;1;2;2;0;0;1;28.0;11.0
16;0;1;0;0;0;1;4;4;2;1;0;0;0;34.0;9.0
15;0;1;2;2;0;0;4;1;3;0;0;0;0;16.0;20.0
17;1;0;3;1;1;0;3;4;1;1;0;1;1;5.0;20.0
18;1;0;3;1;1;1;4;2;2;1;1;1;0;49.0;15.0
15;1;0;0;0;0;0;3;2;3;2;0;0;0;14.0;10.0
15;1;1;3;3;1;0;2;2;2;1;0;0;0;21.0;20.0
16;1;0;3;2;0;1;1;4;1;3;0;1;1;32.0;13.0
21;1;1;3;3;0;0;1;3;2;0;1;1;1;1.0;20.0
21;0;1;1;3;0;1;3;3;3;2;0;0;0;41.0;13.0
20;0;0;2;3;0;1;2;1;1;0;0;1;0;27.0;17.0
16;0;1;1;1;0;1;3;1;3;3;0;1;0;14.0;11.0
17;0;1;2;0;1;0;2;2;1;2;1;0;0;3.0;13.0
21;1;0;0;0;1;1;4;1;1;2;0;0;1;8.0;10.0
18;1;0;3;1;1;1;2;4;4;1;0;0;0;45.0;16.0
16;0;0;2;1;0;0;2;4;4;0;0;1;1;34.0;19.0
15;1;1;1;0;0;1;2;1;4;3;1;0;1;12.0;11.0
18;0;0;3;3;0;0;1;1;1;3;1;0;1;3.0;15.0
18;0;0;0;2;0;0;2;1;2;2;1;1;0;35.0;10.0
15;0;1;2;2;1;0;4;1;3;1;1;0;1;29.0;18.0
16;1;0;2;2;1;0;4;2;3;2;0;1;1;20.0;17.0
15;0;0;2;3;0;1;4;2;3;2;0;1;0;18.0;18.0
20;0;0;3;0;0;1;2;1;4;2;1;1;0;11.0;15.0
18;0;1;1;1;0;1;3;4;1;2;1;1;0;33.0;10.0
19;1;1;1;0;1;1;3;2;4;3;0;1;1;49.0;8.0
19;1;1;2;3;1;1;4;4;2;3;0;1;0;9.0;17.0
17;0;1;0;1;1;0;1;3;1;2;1;0;1;30.0;10.0
21;1;0;0;3;0;1;3;4;3;2;1;0;1;21.0;15.0
15;1;1;1;2;0;1;2;1;4;1;1;0;0;22.0;15.0
15;1;1;0;2;1;1;3;3;4;2;1;1;1;13.0;16.0
17;1;0;1;3;0;0;4;2;2;3;0;0;1;41.0;12.0
17;1;0;2;1;1;0;1;2;2;0;1;1;1;24.0;19.0
17;1;0;1;1;0;1;3;3;4;3;1;0;1;27.0;11.0
18;1;1;1;0;1;0;3;4;2;1;0;1;0;15.0;16.0
20;1;1;2;2;0;1;4;2;3;3;0;0;1;9.0;15.0
15;1;1;0;0;1;1;1;1;2;0;0;1;0;4.0;14.0
18;1;0;1;0;1;0;1;3;2;2;0;0;1;36.0;9.0
17;0;0;1;3;1;0;4;1;4;0;0;1;1;10.0;20.0
15;0;1;2;3;1;1;2;3;4;2;1;0;0;35.0;17.0
18;1;0;0;0;1;1;3;2;1;2;1;1;1;20.0;9.0
20;0;0;1;2;1;0;2;4;1;3;1;0;1;21.0;13.0
18;0;0;2;3;0;1;3;3;4;3;0;0;1;23.0;15.0
20;1;1;1;0;0;0;3;3;2;3;1;0;1;18.0;10.0
17;1;0;3;0;0;1;2;1;2;1;0;1;1;5.0;16.0
20;1;0;2;0;1;0;4;2;1;3;1;1;1;15.0;12.0
15;0;1;0;0;1;1;4;1;1;1;1;1;0;33.0;10.0
17;0;1;0;0;0;1;3;2;1;3;0;1;0;33.0;5.0
15;1;0;0;0;1;0;4;1;3;2;0;1;0;14.0;12.0
19;1;0;0;3;1;1;3;3;3;1;1;0;1;23.0;18.0
16;1;1;1;2;1;1;4;1;1;0;1;1;1;10.0;19.0
20;0;1;1;0;1;0;3;4;2;1;1;0;1;11.0;16.0
16;0;0;0;1;1;1;4;2;1;1;1;0;0;1.0;15.0
16;0;0;0;3;0;1;1;2;3;0;1;1;1;45.0;15.0
20;0;0;0;3;0;1;2;3;2;1;0;0;0;11.0;15.0
17;1;0;1;0;0;0;1;2;3;2;0;1;1;11.0;12.0
19;1;1;0;3;0;0;2;4;2;3;0;1;1;14.0;14.0
15;1;0;0;0;0;0;2;1;3;0;0;1;1;6.0;15.0
18;1;0;3;2;1;1;3;3;2;3;1;0;0;32.0;15.0
15;0;1;3;2;1;1;2;4;2;2;1;1;1;4.0;20.0
18;0;0;0;3;1;1;1;2;2;0;0;1;0;7.0;19.0
15;1;1;2;3;1;1;1;2;2;3;1;1;1;32.0;13.0
20;1;0;0;1;0;0;4;4;4;3;0;0;1;17.0;13.0
19;0;0;3;3;0;1;1;1;3;2;1;1;0;35.0;17.0
18;1;1;2;1;0;1;4;1;3;3;1;0;1;28.0;12.0
21;0;1;2;2;1;1;2;3;4;2;1;0;1;13.0;18.0
17;1;0;0;2;0;0;1;2;2;1;0;1;1;33.0;11.0
15;1;0;3;0;1;1;2;4;2;2;0;0;1;6.0;16.0
15;1;0;3;2;0;1;1;1;3;1;0;0;0;27.0;16.0
18;1;1;2;1;0;1;1;3;4;0;0;1;0;22.0;17.0
17;1;0;0;3;1;1;4;2;2;3;1;1;1;13.0;13.0
17;1;1;1;0;1;1;2;2;2;2;1;1;1;30.0;10.0
20;1;1;1;1;0;0;1;3;2;2;1;0;0;44.0;9.0
21;0;0;3;3;0;1;3;3;1;3;1;1;1;50.0;14.0
20;0;1;1;0;1;1;2;1;4;3;0;0;0;30.0;9.0
20;0;0;3;2;0;1;2;4;2;0;1;0;1;20.0;20.0
20;0;0;3;1;0;1;2;2;1;0;1;0;0;11.0;18.0
20;0;0;3;3;1;1;4;4;4;2;1;0;0;13.0;20.0
20;1;0;1;0;0;1;3;2;2;0;0;0;0;24.0;13.0
19;1;0;3;0;1;1;2;2;3;1;0;1;0;18.0;17.0
17;0;1;2;2;0;1;1;4;1;0;0;1;1;46.0;16.0
20;1;1;0;3;1;1;1;3;1;0;1;0;1;18.0;18.0
17;0;0;0;2;0;1;4;1;2;2;0;0;0;19.0;11.0
17;0;0;3;2;1;0;1;2;2;1;1;1;0;19.0;19.0
16;1;1;0;3;0;0;2;3;1;0;1;1;0;42.0;15.0
19;1;1;1;3;1;0;1;2;3;1;1;0;0;33.0;16.0
20;1;1;1;3;0;0;2;1;3;1;0;0;1;31.0;15.0
15;0;1;0;1;0;1;1;2;4;1;0;1;0;17.0;13.0
18;1;0;1;3;0;0;3;1;2;3;1;1;0;41.0;11.0
21;0;0;0;0;0;0;4;1;3;3;1;0;0;2.0;10.0
15;0;1;0;2;0;1;4;2;4;3;0;1;0;44.0;9.0
19;0;0;0;1;0;0;3;2;3;3;0;1;0;26.0;9.0
18;1;1;3;3;0;0;3;1;2;2;0;0;0;20.0;17.0
19;1;0;0;1;0;1;4;3;4;0;1;0;0;25.0;16.0
17;0;1;3;3;0;1;3;4;4;3;1;0;1;33.0;17.0
18;1;0;0;1;1;1;2;1;4;2;1;1;0;1.0;14.0
17;1;1;0;2;1;0;1;2;3;0;0;0;0;44.0;14.0
15;1;1;0;2;0;0;4;2;2;3;0;1;0;22.0;11.0
15;0;0;1;0;1;1;3;3;4;0;0;0;1;17.0;18.0
18;0;1;3;0;0;1;2;4;1;3;1;0;1;7.0;12.0
18;1;0;3;3;0;0;4;1;2;2;1;1;1;22.0;18.0
20;0;0;0;2;1;1;3;1;1;1;0;1;0;25.0;13.0
19;1;1;0;1;0;0;4;4;1;1;1;0;0;20.0;13.0
20;1;0;1;1;0;1;3;1;4;0;0;0;0;34.0;15.0
19;1;0;1;1;1;1;4;4;4;2;1;1;1;21.0;18.0
20;1;0;1;0;1;0;2;2;3;1;0;0;0;48.0;11.0
17;0;0;3;1;0;1;2;4;3;3;1;1;1;30.0;14.0
18;0;0;3;0;1;1;1;1;3;1;1;1;1;40.0;14.0
15;0;1;3;0;1;1;4;4;2;0;0;0;1;5.0;20.0
19;1;0;0;3;0;0;1;3;3;0;0;1;1;20.0;19.0
19;1;0;3;1;1;1;4;2;1;2;0;1;1;17.0;16.0
15;1;0;2;1;1;1;3;2;3;0;0;1;0;28.0;19.0
20;0;0;2;2;0;1;3;4;4;1;0;0;0;43.0;18.0
19;1;0;1;3;1;1;1;1;3;1;1;1;1;4.0;20.0
21;0;1;3;2;1;1;4;3;2;1;0;0;0;4.0;20.0
17;0;0;2;3;0;1;1;2;2;1;0;0;0;43.0;14.0
18;0;1;1;1;0;0;2;2;1;2;0;0;1;11.0;12.0
15;0;1;3;0;0;0;1;1;2;3;1;1;1;33.0;10.0
18;0;1;0;0;1;1;1;1;3;3;0;1;0;27.0;7.0
21;0;1;2;0;0;0;3;3;4;2;0;0;0;42.0;12.0
19;1;0;0;0;0;0;1;4;2;0;0;0;0;6.0;13.0
19;1;1;3;0;1;1;4;1;1;3;1;1;0;6.0;14.0
21;0;1;2;2;0;0;3;4;3;0;1;0;1;28.0;20.0
15;0;0;3;3;0;0;1;3;1;3;0;0;0;47.0;12.0
17;1;0;0;1;0;0;2;4;2;0;1;1;1;21.0;15.0
16;0;0;2;2;0;0;1;2;2;2;0;0;1;16.0;14.0
15;0;1;0;3;1;0;1;4;1;1;1;1;0;30.0;15.0
16;1;0;3;0;0;0;1;3;3;0;0;1;0;47.0;15.0
21;0;0;3;3;0;0;3;3;2;1;1;0;0;42.0;18.0
20;0;1;0;3;1;0;4;3;4;0;0;1;1;50.0;19.0
16;0;0;2;0;0;1;2;4;2;0;0;1;1;1.0;18.0
17;1;0;0;0;1;1;1;2;3;0;1;1;1;6.0;15.0
20;1;0;3;0;1;0;4;1;2;0;0;0;1;30.0;18.0
16;1;0;0;1;1;0;4;2;1;0;0;0;0;41.0;12.0
21;0;1;3;0;0;1;3;4;2;1;0;0;1;14.0;17.0
20;0;0;0;1;1;0;2;4;2;0;0;1;1;12.0;18.0
21;1;0;2;0;1;0;3;1;3;1;1;1;0;39.0;15.0
16;0;1;2;1;1;1;4;4;1;2;0;0;1;3.0;15.0
21;0;0;0;3;0;1;4;3;3;3;1;0;1;18.0;13.0
17;0;1;0;2;0;1;4;3;2;0;1;1;0;25.0;17.0
16;0;0;2;3;0;0;3;3;4;3;1;0;1;28.0;17.0
16;0;1;3;3;0;0;2;3;2;1;1;0;1;36.0;20.0
16;1;1;2;0;0;1;1;3;3;2;0;0;1;18.0;12.0
15;0;1;3;1;0;1;3;4;4;2;0;0;1;31.0;17.0
15;1;1;0;2;0;0;4;1;3;2;1;0;0;29.0;12.0
15;0;0;0;0;1;1;3;1;3;3;0;1;1;27.0;7.0
17;1;1;3;0;1;0;4;3;1;1;1;0;0;32.0;15.0
20;0;0;0;0;1;0;1;4;4;0;0;0;1;13.0;17.0
21;1;1;3;3;1;1;1;2;2;0;0;1;0;4.0;20.0
19;0;1;1;1;0;1;2;2;3;1;0;1;0;6.0;14.0
16;1;1;2;1;1;0;4;4;2;3;1;1;0;11.0;15.0
21;0;0;1;2;1;1;2;3;1;0;1;1;1;25.0;18.0
16;1;1;3;1;1;1;2;1;1;1;0;0;1;42.0;13.0
17;0;0;2;1;1;1;1;4;4;0;1;0;1;35.0;19.0
16;1;0;3;0;0;1;3;2;1;2;1;0;0;39.0;10.0
15;1;0;2;0;0;0;3;2;1;0;0;0;1;18.0;14.0
19;0;0;2;3;0;0;2;2;2;3;1;1;1;20.0;15.0
18;0;0;2;0;1;0;1;3;1;1;0;1;1;20.0;13.0
16;1;0;2;0;0;0;4;2;1;3;0;0;1;10.0;11.0
21;0;0;3;0;1;1;3;4;3;1;0;0;0;3.0;20.0
15;1;0;2;0;0;1;2;4;1;2;1;0;0;30.0;9.0
18;1;0;2;3;0;0;3;2;3;1;0;0;1;49.0;16.0
19;1;1;1;0;0;0;3;4;1;0;0;1;1;8.0;16.0
18;0;1;0;2;0;1;4;2;1;0;1;0;1;2.0;17.0
15;1;1;0;2;0;0;1;2;4;2;1;1;0;39.0;12.0
20;1;1;1;2;1;0;4;1;4;1;1;1;1;13.0;20.0
20;0;1;1;2;0;1;1;3;3;2;1;1;0;41.0;12.0
18;0;0;3;0;1;0;3;3;1;0;0;1;0;35.0;18.0
17;0;0;3;2;1;1;2;1;2;3;1;0;1;47.0;12.0
21;0;0;3;0;1;1;4;1;4;2;1;0;1;20.0;17.0
21;1;0;1;3;1;0;1;3;2;3;1;0;1;33.0;13.0
18;1;0;1;2;1;1;3;2;4;3;1;0;0;23.0;13.0
16;1;0;2;1;0;0;1;2;4;1;0;1;0;32.0;15.0
16;1;0;3;2;0;1;1;3;1;2;1;1;1;22.0;15.0
21;0;1;3;2;0;0;1;2;4;3;0;1;0;9.0;16.0
21;1;1;3;0;0;0;3;1;2;3;1;0;1;25.0;11.0
20;1;1;0;2;1;0;2;2;4;1;0;1;1;26.0;16.0
17;0;1;2;1;0;1;2;2;3;1;0;1;0;41.0;14.0
15;1;0;3;0;0;1;2;4;1;0;1;1;0;37.0;16.0
16;1;0;3;0;1;0;1;4;1;3;0;1;0;33.0;10.0
21;1;0;3;3;1;1;3;4;3;0;1;0;0;6.0;20.0
20;1;1;0;3;0;0;1;2;3;3;0;1;1;36.0;10.0
19;1;0;0;2;0;0;2;3;3;0;0;1;1;25.0;18.0
20;1;0;1;3;1;1;2;1;4;1;0;0;1;45.0;15.0
16;0;0;2;3;0;0;3;2;1;2;1;0;0;46.0;13.0
16;0;1;1;3;0;1;1;3;3;1;0;0;1;3.0;19.0
20;1;0;2;0;0;0;4;2;4;0;1;1;0;41.0;17.0
15;1;1;0;0;0;1;4;1;3;0;0;1;0;2.0;15.0
18;0;1;3;0;1;0;2;2;2;2;0;1;0;18.0;14.0
16;1;1;1;3;1;0;3;1;2;3;0;1;1;27.0;13.0
20;1;1;3;0;1;1;1;2;1;0;0;0;0;7.0;17.0
21;1;0;1;3;0;0;1;1;4;0;0;1;0;37.0;18.0
20;0;1;0;0;0;0;2;2;2;0;0;1;0;0.0;14.0
17;1;1;0;0;0;1;2;1;2;2;1;0;0;8.0;9.0
18;0;0;0;1;0;0;1;4;4;1;1;0;0;29.0;14.0
19;1;0;1;2;0;1;1;2;3;0;1;0;0;36.0;15.0
15;0;1;2;3;1;0;2;2;4;2;0;1;0;46.0;18.0
19;0;0;1;1;0;1;1;3;3;0;1;1;0;35.0;15.0
18;1;1;2;0;0;0;4;3;2;3;0;1;0;34.0;10.0
18;0;1;1;3;1;0;2;1;2;2;1;1;0;20.0;15.0
18;1;1;1;0;0;0;1;2;2;0;1;1;0;0.0;16.0
19;0;1;0;2;1;1;2;1;1;2;0;0;0;6.0;11.0
21;1;0;3;1;1;1;3;4;1;0;0;0;1;27.0;18.0
18;1;1;3;2;1;1;2;3;1;1;1;1;1;34.0;18.0
20;0;0;2;1;1;1;2;1;4;0;1;1;0;21.0;19.0
19;1;0;3;0;1;0;3;1;2;2;1;1;0;37.0;12.0
18;1;0;1;2;0;0;4;3;2;3;1;1;0;26.0;12.0
20;0;0;1;2;1;1;1;2;4;3;0;1;1;4.0;16.0
21;1;1;0;0;1;1;3;1;1;3;1;0;1;10.0;8.0
17;1;0;0;2;0;1;2;3;4;0;0;0;1;42.0;16.0
21;0;1;3;3;0;0;1;2;1;1;0;0;0;36.0;15.0
18;0;0;2;1;1;1;3;4;2;0;1;1;0;45.0;17.0
19;1;0;3;1;0;1;1;3;3;3;0;1;0;6.0;14.0
16;1;1;3;1;0;0;1;1;1;2;1;0;0;50.0;10.0
18;0;1;3;3;1;0;3;4;2;3;0;0;1;10.0;20.0
16;0;1;3;1;1;1;1;2;2;2;0;1;0;1.0;17.0
20;1;0;1;0;0;0;4;2;3;1;1;0;1;50.0;12.0
17;0;0;2;2;1;1;3;3;2;2;0;0;1;14.0;16.0
15;1;1;1;3;1;0;4;3;2;0;0;1;0;33.0;20.0
21;1;1;2;1;0;1;2;3;1;0;1;0;1;9.0;17.0
17;1;1;0;0;1;1;1;2;1;0;0;0;1;29.0;11.0
18;1;1;3;2;1;1;2;4;3;2;0;0;1;45.0;16.0
16;1;0;1;2;1;1;2;2;3;0;1;1;1;16.0;20.0
21;0;1;2;3;1;0;1;1;2;0;1;0;0;34.0;18.0
16;0;1;0;3;1;0;3;2;1;0;0;0;0;9.0;19.0
19;0;1;0;3;0;0;1;1;3;1;0;0;1;31.0;14.0
16;0;1;3;0;0;0;2;4;3;2;0;1;0;17.0;15.0
19;1;0;2;0;1;1;2;3;4;2;1;1;1;11.0;16.0
20;1;1;1;3;0;1;3;3;3;3;0;0;0;16.0;14.0
21;1;0;3;1;1;0;1;2;2;2;0;1;0;9.0;16.0
21;1;1;1;2;1;0;2;3;1;1;0;0;0;45.0;13.0
15;0;1;0;2;1;0;4;4;3;2;0;1;0;20.0;14.0
18;1;0;1;0;1;0;2;3;4;1;0;1;0;12.0;16.0
19;1;1;1;2;1;0;2;2;1;1;0;0;1;22.0;15.0
15;0;0;3;1;0;1;3;4;3;2;1;0;0;16.0;17.0
16;0;0;1;2;0;1;4;1;4;3;1;0;1;37.0;13.0
16;0;1;3;0;1;1;2;2;3;0;0;1;1;49.0;17.0
15;0;0;0;0;0;0;2;1;1;0;0;0;0;22.0;9.0
21;1;0;3;1;1;0;4;4;1;2;1;1;1;43.0;14.0
16;1;0;3;1;0;0;1;2;1;2;1;1;0;28.0;13.0
20;0;0;2;2;1;0;1;2;2;1;1;0;1;8.0;18.0
20;1;0;1;2;0;1;2;4;3;2;0;1;1;35.0;13.0
15;1;0;0;0;1;1;2;3;2;1;0;0;0;26.0;10.0
19;1;0;3;1;1;0;1;2;1;3;0;1;0;33.0;11.0
19;0;0;0;1;0;1;3;2;4;2;0;0;0;44.0;9.0
15;1;1;2;1;0;1;4;1;3;0;1;1;0;22.0;18.0
19;0;1;1;2;1;0;4;3;2;0;1;1;1;45.0;18.0
21;1;0;3;1;0;0;3;1;3;2;1;0;0;38.0;13.0
21;1;1;1;0;1;0;3;1;4;1;1;1;1;24.0;16.0
19;1;0;2;0;0;0;3;3;2;0;0;0;1;30.0;15.0
20;0;0;2;2;0;0;3;3;1;1;0;1;1;16.0;17.0
19;1;1;0;3;1;0;3;4;2;2;1;1;1;49.0;13.0
21;0;0;3;2;0;1;3;3;3;2;1;1;1;33.0;17.0
17;0;0;0;3;0;1;4;2;3;0;1;0;1;2.0;20.0
18;0;0;2;1;1;0;3;3;3;2;1;0;0;16.0;17.0
16;1;0;1;2;0;1;1;4;3;3;1;0;1;31.0;12.0
17;1;1;0;0;1;0;3;4;1;3;0;0;1;3.0;10.0
19;1;0;0;1;1;0;3;4;2;0;0;0;1;1.0;18.0
20;1;0;1;0;1;0;4;3;1;3;1;1;0;23.0;9.0
15;0;0;0;1;1;0;4;3;1;1;1;1;0;17.0;14.0
19;0;1;1;2;1;1;3;1;1;0;1;0;1;22.0;16.0
20;0;0;3;3;0;0;4;1;3;0;0;1;0;13.0;20.0
18;1;1;1;1;1;1;2;2;3;1;0;1;1;8.0;16.0
19;0;1;3;3;1;0;4;1;3;3;0;1;0;34.0;17.0
21;1;0;1;1;0;0;4;2;2;3;1;1;1;26.0;11.0
15;0;0;2;0;0;0;4;4;4;3;0;0;0;10.0;14.0
20;1;1;2;0;0;1;4;1;3;0;1;1;0;16.0;17.0
20;1;0;3;1;1;0;1;3;2;0;0;0;0;30.0;18.0
20;0;1;3;3;1;0;1;1;3;3;0;0;1;4.0;18.0
18;0;1;2;2;1;0;1;2;3;2;0;1;1;7.0;18.0
19;0;0;3;2;0;1;3;1;1;3;1;0;1;4.0;15.0
18;0;0;1;0;1;1;3;4;1;1;1;1;0;41.0;12.0
16;1;1;1;2;0;1;2;3;1;0;0;1;0;38.0;15.0
16;0;1;2;0;1;0;1;2;2;1;1;1;1;38.0;13.0
19;0;1;0;2;0;1;3;3;4;1;1;0;0;36.0;13.0
21;0;1;1;1;1;0;4;3;4;0;1;0;1;33.0;19.0
18;1;0;3;0;1;1;4;2;2;2;1;0;1;24.0;15.0
15;1;0;0;0;1;1;1;3;3;3;1;1;1;32.0;8.0
20;0;0;0;1;0;0;2;3;2;1;1;1;1;2.0;15.0
20;1;0;1;0;0;1;2;1;3;0;1;1;0;31.0;13.0
19;0;0;1;2;1;0;4;3;2;1;0;0;0;39.0;16.0
21;1;1;0;2;1;0;2;3;2;3;1;1;0;25.0;10.0
16;1;0;0;0;1;1;1;3;2;2;1;1;1;18.0;10.0
16;1;0;2;2;0;0;4;3;4;2;0;0;0;14.0;18.0
20;1;0;3;3;1;0;3;2;1;2;0;0;1;32.0;17.0
19;0;0;2;0;1;1;3;4;2;0;0;0;1;35.0;17.0
18;0;0;1;1;1;1;2;1;4;0;0;1;1;44.0;16.0
16;0;1;2;3;1;0;4;3;1;2;1;1;1;17.0;19.0
18;1;1;2;0;0;1;4;3;1;3;0;1;1;38.0;7.0
21;0;1;2;1;0;0;3;2;2;3;0;0;1;28.0;11.0
16;0;0;2;2;1;0;4;4;3;0;1;0;0;44.0;20.0
16;0;1;3;1;1;1;4;3;3;2;1;0;0;26.0;17.0
17;1;1;3;3;0;1;4;2;3;3;1;0;0;26.0;16.0
16;1;0;0;2;0;1;2;1;2;3;0;1;0;29.0;8.0
15;1;0;1;0;1;1;4;1;3;3;1;1;1;37.0;9.0
19;0;0;2;2;0;0;1;3;4;0;0;1;1;48.0;19.0
19;0;1;0;0;0;0;2;3;4;2;1;1;0;4.0;12.0
18;0;1;0;0;1;1;4;4;4;1;1;1;0;3.0;18.0
21;1;0;0;1;0;1;4;4;4;2;0;1;0;47.0;12.0
16;1;0;3;1;0;0;1;3;1;2;1;1;0;26.0;14.0
15;0;1;2;1;1;0;2;2;4;0;1;1;0;31.0;18.0
18;1;1;2;3;1;0;3;4;3;3;1;0;0;24.0;17.0
17;1;0;1;3;0;0;3;3;2;3;1;0;0;5.0;15.0
18;1;0;2;1;1;1;2;4;3;0;1;1;0;38.0;19.0
18;1;1;2;3;0;0;4;3;4;0;0;0;1;37.0;20.0
16;0;0;0;2;1;0;4;1;1;0;0;1;1;16.0;16.0
17;1;1;1;2;0;1;3;3;4;0;1;1;1;15.0;20.0
18;1;1;2;3;1;0;3;1;2;0;0;0;1;42.0;18.0
15;1;1;3;3;0;0;3;4;3;1;0;1;0;4.0;20.0
15;1;1;2;2;0;1;1;3;2;2;0;1;1;44.0;13.0
19;0;0;0;0;0;1;3;4;2;2;1;1;0;13.0;10.0
17;0;0;3;2;1;1;1;1;2;2;1;1;1;30.0;16.0
17;1;1;0;2;1;0;2;3;3;3;1;1;0;47.0;10.0
19;1;1;2;3;0;0;4;4;4;1;0;1;0;34.0;20.0
18;1;1;3;2;0;1;3;1;2;2;0;1;1;21.0;16.0
17;1;1;1;3;1;1;4;4;3;3;1;0;1;34.0;15.0
15;1;1;1;3;1;0;4;2;1;1;1;0;0;17.0;18.0
15;1;0;3;1;1;1;3;1;3;1;0;1;0;14.0;19.0
16;0;0;3;2;1;1;3;1;1;3;0;0;0;50.0;10.0
17;1;0;0;0;1;1;2;1;3;1;1;1;1;38.0;10.0
18;0;0;3;1;1;0;1;3;4;3;0;1;1;32.0;15.0
19;0;1;0;3;0;0;1;3;2;2;0;1;0;18.0;13.0
19;1;1;2;3;1;0;4;3;4;3;0;1;1;2.0;20.0
18;0;1;0;0;0;0;3;2;3;1;0;0;0;2.0;13.0
21;0;1;3;3;1;0;2;2;2;2;0;0;1;28.0;19.0
20;0;1;3;2;1;0;2;1;1;2;0;0;1;38.0;13.0
16;0;0;2;1;0;1;2;2;3;0;0;0;1;27.0;17.0
19;0;1;3;3;0;0;2;4;2;0;1;1;1;42.0;20.0
17;0;0;3;3;1;0;2;1;1;1;1;0;1;2.0;20.0
16;1;0;1;0;0;1;1;1;1;3;0;1;0;18.0;6.0
17;0;0;1;2;0;0;1;4;4;3;0;1;0;12.0;14.0
21;0;0;2;3;0;0;1;1;3;1;0;0;1;22.0;18.0
15;0;1;0;0;0;1;3;2;1;2;1;1;0;4.0;9.0
16;1;0;1;3;1;1;4;3;2;1;1;0;0;48.0;16.0
19;0;0;0;0;0;1;2;4;1;1;0;0;1;11.0;12.0
16;1;0;3;0;1;0;3;2;1;2;1;0;0;46.0;11.0
16;0;1;1;2;1;1;2;4;4;3;0;0;1;21.0;15.0
16;1;1;2;3;1;0;1;4;4;1;0;0;0;49.0;18.0
20;1;1;2;2;1;0;3;1;2;3;0;1;0;28.0;14.0
16;0;0;2;0;0;0;1;1;4;1;0;0;0;47.0;12.0
17;0;0;1;1;0;0;2;2;1;2;0;0;0;0.0;12.0
15;1;1;0;3;1;1;2;4;1;2;0;1;0;37.0;12.0
21;0;0;3;1;1;1;4;1;4;0;0;0;0;45.0;18.0
18;1;1;0;3;1;0;2;1;1;2;1;0;0;7.0;14.0
16;1;1;0;2;1;1;1;4;1;0;0;1;1;5.0;17.0
19;1;0;3;2;0;0;2;2;2;1;1;1;1;21.0;18.0
16;1;0;3;2;1;0;4;2;4;3;0;0;1;47.0;15.0
19;1;0;1;2;0;0;4;4;1;2;0;1;1;27.0;14.0
17;0;0;1;2;1;1;1;2;4;2;1;0;0;26.0;14.0
19;1;1;1;1;1;0;3;1;2;2;1;1;0;7.0;14.0
18;1;1;1;2;1;0;2;4;4;1;0;0;0;0.0;20.0
15;0;1;1;0;1;1;4;1;1;0;1;0;1;41.0;13.0
19;1;1;3;0;0;1;2;3;4;1;0;0;1;4.0;18.0
19;0;1;0;1;0;1;2;3;1;3;0;1;1;32.0;7.0
15;0;0;1;3;0;1;3;2;1;1;1;0;0;46.0;13.0
18;0;1;1;0;1;0;4;3;1;3;1;1;1;10.0;11.0
16;1;1;0;3;1;1;2;1;2;2;1;0;0;33.0;12.0
19;1;1;1;1;0;0;4;3;4;3;1;0;1;4.0;15.0
15;1;0;0;3;0;1;1;1;2;3;0;0;0;30.0;8.0
17;0;0;0;3;1;1;1;2;4;0;1;0;1;8.0;20.0
15;1;0;3;3;1;1;2;2;2;3;1;0;0;37.0;14.0
17;0;0;2;3;0;1;4;1;3;3;1;1;1;15.0;16.0
18;1;1;3;1;1;1;2;3;1;1;1;1;1;23.0;17.0
16;0;1;2;0;1;1;4;2;1;2;1;1;0;30.0;11.0
15;1;0;2;2;0;0;4;4;2;1;0;0;0;9.0;19.0
21;1;0;2;3;1;1;3;2;3;1;0;0;1;37.0;18.0
21;1;1;1;0;0;1;3;3;1;2;1;1;0;15.0;11.0
20;0;1;3;0;1;1;3;4;4;2;1;0;1;33.0;16.0
19;0;0;2;1;0;1;2;3;2;3;0;0;0;8.0;12.0
18;1;0;0;0;1;0;3;1;1;3;1;0;1;34.0;6.0
15;1;0;1;1;0;1;3;4;1;0;0;1;0;6.0;18.0
21;0;0;3;3;0;1;1;3;2;1;0;1;1;21.0;20.0
19;0;1;2;3;0;1;4;4;2;2;1;1;1;12.0;20.0
21;0;1;0;2;0;1;4;3;4;3;0;1;1;37.0;12.0
15;1;1;3;2;1;0;3;4;4;2;1;1;0;13.0;20.0
17;0;0;3;2;1;1;4;3;1;3;1;0;1;44.0;13.0
15;1;0;1;0;0;0;1;1;1;0;0;0;0;45.0;9.0
20;0;1;3;3;1;1;1;4;2;0;0;0;0;10.0;20.0
15;1;1;1;1;1;0;3;4;1;2;1;0;0;31.0;11.0
15;0;1;2;2;1;0;1;4;1;0;0;1;1;4.0;20.0
20;0;1;1;1;1;1;4;4;2;2;1;1;0;20.0;15.0
18;0;0;0;1;1;1;2;1;1;3;0;0;0;36.0;5.0
15;0;1;1;2;0;0;4;4;1;1;0;1;0;33.0;16.0
20;0;1;0;3;0;0;2;2;3;0;1;0;1;31.0;17.0
19;1;1;1;2;0;1;3;1;4;3;1;0;0;14.0;13.0
17;0;1;3;1;0;0;2;2;2;1;1;0;0;19.0;16.0
17;0;1;2;2;1;0;1;4;3;1;0;0;0;5.0;20.0
15;0;1;0;1;1;0;4;3;4;1;1;1;0;36.0;16.0
18;1;1;1;1;0;1;2;2;4;3;1;0;1;25.0;12.0
18;0;0;1;2;1;0;4;4;4;3;0;1;1;35.0;15.0
19;1;0;1;0;1;0;3;2;3;2;0;0;0;12.0;13.0
15;0;0;3;2;0;0;3;4;3;1;1;0;0;16.0;20.0
17;0;0;3;0;1;1;1;4;4;1;1;0;0;17.0;18.0
18;1;1;0;1;0;1;3;4;1;1;1;0;0;1.0;14.0
15;0;0;0;1;0;0;2;3;1;2;1;1;1;17.0;12.0
21;1;0;3;0;1;1;3;2;3;1;0;0;1;40.0;15.0
18;1;1;0;1;1;0;1;1;3;3;0;1;1;45.0;7.0
20;0;1;2;0;0;1;4;1;3;1;1;0;1;26.0;14.0
21;1;0;2;0;0;1;4;1;4;0;1;0;0;23.0;18.0
18;0;0;3;1;1;0;3;1;1;3;1;0;0;2.0;14.0
17;0;1;0;3;0;1;2;4;3;2;0;1;1;44.0;12.0
16;1;0;1;0;0;1;1;2;3;1;1;0;1;1.0;15.0
21;1;1;2;2;0;1;2;2;2;0;1;0;0;47.0;15.0
19;1;1;3;2;1;0;1;3;4;2;0;0;0;24.0;18.0
19;1;1;0;1;0;1;3;2;2;2;0;0;0;17.0;10.0
17;0;1;3;3;1;1;1;2;1;3;1;0;0;46.0;12.0
18;0;0;1;1;0;0;1;2;2;2;1;1;0;1.0;14.0
15;1;1;2;3;1;1;3;3;2;2;0;1;1;29.0;16.0
18;0;1;3;0;0;1;2;1;2;2;1;0;1;27.0;12.0
17;0;0;3;0;1;1;3;2;4;2;1;0;0;11.0;16.0
19;0;1;3;0;1;1;1;3;1;1;0;1;0;21.0;15.0
18;0;0;1;0;1;1;3;3;2;1;0;0;1;33.0;13.0
19;1;0;3;2;0;0;1;4;4;1;0;1;0;36.0;18.0
21;1;0;1;2;0;0;3;3;1;1;1;0;1;0.0;18.0
15;0;1;1;1;0;1;4;1;3;0;0;0;1;47.0;14.0
21;1;0;1;3;1;1;4;2;2;1;0;1;1;8.0;19.0
19;1;0;2;0;0;1;3;3;1;2;1;0;1;12.0;13.0
19;1;1;2;0;1;0;2;1;2;1;1;1;0;13.0;14.0
16;0;0;3;3;0;0;1;3;3;1;0;1;0;2.0;20.0
16;0;0;3;3;1;1;4;3;1;3;0;1;1;6.0;18.0
21;0;0;2;1;1;1;2;3;4;2;1;0;0;49.0;13.0
20;1;0;0;3;1;0;1;3;1;1;1;1;0;16.0;16.0
21;0;0;2;0;0;1;4;3;4;1;0;1;0;6.0;19.0
16;0;1;1;0;0;0;4;1;1;1;0;0;0;5.0;13.0
19;1;0;2;0;0;0;3;2;4;0;1;0;1;36.0;18.0
17;0;0;1;0;1;1;1;2;3;1;0;0;0;43.0;9.0
21;0;1;3;0;1;0;2;2;3;3;1;0;1;13.0;15.0
19;1;1;0;1;0;1;2;2;3;2;0;0;1;1.0;12.0
17;1;1;3;0;0;1;2;1;1;2;1;0;0;11.0;12.0
17;1;0;1;1;0;1;1;4;3;1;1;1;1;3.0;16.0
16;0;1;1;0;1;1;2;4;2;1;0;0;0;5.0;15.0
21;0;0;1;2;1;1;2;1;3;1;0;1;0;22.0;16.0
18;0;0;0;2;1;1;2;1;4;2;1;0;1;11.0;16.0
15;1;1;2;2;1;0;3;3;4;2;0;1;0;26.0;18.0
16;1;1;3;2;1;0;3;3;4;0;0;1;1;13.0;20.0
16;0;0;3;1;0;0;1;3;1;3;0;0;1;47.0;9.0
18;0;1;2;1;1;0;1;2;2;0;1;0;0;45.0;16.0
15;1;0;3;3;1;1;2;3;3;3;0;1;0;28.0;17.0
19;1;1;0;0;1;0;3;4;2;0;0;0;0;18.0;15.0
20;1;1;3;2;1;0;4;2;2;2;1;0;1;19.0;18.0
21;1;1;1;1;1;0;4;3;4;0;0;1;0;21.0;20.0
20;0;0;2;0;0;1;2;2;4;3;0;1;1;36.0;9.0
19;1;1;0;0;1;0;2;4;4;1;1;1;1;23.0;15.0
16;0;0;2;1;1;1;3;3;1;3;1;0;0;43.0;9.0
15;0;0;0;2;1;0;3;4;2;1;0;0;0;47.0;12.0
16;0;0;1;3;0;1;3;4;2;2;0;0;0;17.0;14.0
17;1;0;2;0;0;1;1;4;1;3;1;0;1;28.0;8.0
16;1;1;3;3;0;0;1;3;1;0;1;1;0;5.0;20.0
16;1;0;0;2;1;1;2;1;1;3;0;0;1;10.0;10.0
19;1;0;2;2;0;1;1;3;2;1;0;1;0;21.0;17.0
19;0;1;3;3;1;0;3;4;2;2;0;0;0;10.0;20.0
19;1;0;2;2;1;0;3;3;4;0;1;0;1;44.0;20.0
20;1;1;2;0;0;0;1;4;4;3;0;1;1;8.0;13.0
17;0;0;2;3;1;1;4;1;2;1;1;0;0;23.0;18.0
19;1;1;0;2;1;1;2;2;4;0;1;0;0;30.0;16.0
15;0;0;3;3;1;1;4;1;1;2;1;1;0;35.0;16.0
20;0;1;1;0;0;0;2;1;3;0;0;0;0;19.0;15.0
18;0;0;0;2;1;1;4;2;4;2;0;1;0;43.0;12.0
15;0;0;0;0;1;1;1;3;2;0;0;1;1;28.0;13.0
21;0;1;0;2;0;1;2;2;4;3;1;1;1;22.0;11.0
21;0;1;1;1;1;1;2;3;4;1;0;1;1;3.0;19.0
15;0;1;3;2;1;1;2;3;4;3;1;0;1;23.0;17.0
19;0;1;3;3;0;1;3;4;3;3;1;0;0;41.0;16.0
18;1;0;3;2;1;1;3;4;1;2;1;0;1;31.0;16.0
18;1;0;2;0;1;0;4;2;2;2;1;1;1;42.0;13.0
20;1;1;2;0;1;0;1;1;3;2;1;0;1;25.0;13.0
18;1;0;2;2;1;0;3;2;2;3;1;0;0;6.0;14.0
21;0;1;1;3;1;1;2;3;2;0;0;0;1;1.0;20.0
17;1;1;2;1;0;1;3;4;2;0;1;0;0;15.0;17.0
19;0;0;1;3;0;0;1;2;3;3;0;1;1;35.0;11.0
18;1;0;3;1;0;1;3;2;1;3;1;1;0;40.0;10.0
20;1;0;2;0;0;0;2;4;2;1;0;0;1;15.0;15.0
21;1;0;2;3;1;1;4;4;1;2;0;1;0;25.0;18.0
17;0;0;0;1;1;1;2;4;1;2;0;0;1;21.0;10.0
16;1;0;1;2;1;0;1;3;4;3;0;0;0;21.0;14.0
16;0;0;3;0;1;0;4;4;3;3;1;0;0;12.0;16.0
17;0;1;0;2;1;0;3;1;3;0;1;1;1;7.0;20.0
21;1;1;0;0;0;0;3;2;4;3;1;0;0;10.0;10.0
20;1;1;3;3;0;0;3;4;4;0;1;1;0;3.0;20.0
17;1;1;0;3;1;1;4;4;1;3;0;1;1;10.0;14.0
19;0;1;1;0;1;1;2;3;2;1;0;0;1;0.0;15.0
19;1;0;1;0;1;1;4;3;3;1;0;1;0;31.0;14.0
16;0;1;2;0;0;0;4;2;2;0;1;1;1;16.0;17.0
18;0;1;0;3;1;0;1;1;2;2;0;0;1;49.0;10.0
20;1;1;2;1;1;0;4;2;4;1;1;1;1;10.0;20.0
16;1;1;0;2;1;0;3;4;2;0;0;1;0;17.0;19.0
18;0;1;1;2;0;0;2;1;1;3;0;0;0;18.0;9.0
18;0;1;1;3;1;0;2;1;4;3;0;0;0;0.0;17.0
19;0;1;1;2;0;1;2;1;2;0;0;1;0;42.0;14.0
21;1;0;0;0;0;1;3;1;4;2;0;0;0;2.0;11.0
15;0;0;1;1;0;1;3;2;1;0;1;0;0;47.0;12.0
21;1;1;0;2;0;1;3;3;1;0;0;1;0;45.0;13.0
15;0;0;2;1;0;1;3;3;2;1;1;1;1;27.0;15.0
17;0;0;0;0;0;0;3;4;4;0;1;0;0;27.0;15.0
19;1;0;2;2;1;0;4;3;2;0;1;1;0;33.0;20.0
18;0;0;0;3;1;0;3;3;2;3;1;0;1;19.0;14.0
20;1;1;2;1;1;0;3;3;4;1;1;0;1;32.0;19.0
15;1;0;1;0;0;0;3;3;2;3;1;1;1;2.0;12.0
21;0;0;2;1;1;0;3;4;1;3;1;1;0;3.0;13.0
18;1;0;1;2;0;1;2;2;4;2;1;0;1;23.0;14.0
15;1;1;1;2;0;0;3;1;4;2;0;0;0;27.0;14.0
15;0;1;2;3;0;0;4;3;4;1;0;0;0;44.0;18.0
15;1;1;0;0;1;0;4;2;4;1;1;0;0;5.0;16.0
20;1;1;0;0;0;0;4;3;2;2;1;1;1;41.0;9.0
19;1;1;3;3;0;1;1;3;2;2;1;0;1;11.0;19.0
20;0;1;0;3;1;1;2;1;1;2;0;1;0;20.0;11.0
16;1;1;3;0;1;0;3;1;3;2;0;1;0;16.0;16.0
18;0;0;0;1;0;1;1;1;3;2;1;0;0;20.0;10.0
19;0;0;0;1;0;1;3;3;1;3;1;1;1;8.0;10.0
19;1;0;1;3;1;0;1;3;3;1;0;1;0;25.0;18.0
19;1;1;3;1;1;0;1;3;1;3;0;0;1;40.0;11.0
21;1;1;0;0;1;0;4;1;2;3;1;1;0;22.0;8.0
19;0;1;3;2;0;0;4;4;4;0;1;1;1;25.0;20.0
20;1;1;1;2;1;0;1;2;4;3;1;0;0;42.0;10.0
19;1;1;1;1;1;1;4;4;2;2;1;0;1;35.0;13.0
17;1;0;3;3;1;0;1;3;4;2;0;0;1;25.0;20.0
18;1;0;1;3;0;0;2;3;4;0;0;0;1;13.0;20.0
19;1;1;2;3;1;0;4;4;3;0;1;0;1;44.0;20.0
18;0;1;2;3;1;1;4;3;2;0;1;0;1;29.0;20.0
17;0;1;1;3;1;0;4;2;3;0;1;0;1;11.0;20.0
17;1;1;2;1;1;0;2;3;3;0;0;1;0;13.0;20.0
18;1;0;0;2;1;0;1;2;4;3;1;1;0;40.0;10.0
15;1;1;3;2;0;1;3;4;4;0;1;0;0;2.0;20.0
16;1;1;0;1;0;0;4;4;2;3;1;1;0;50.0;8.0
21;0;1;3;3;0;0;1;3;4;1;0;1;1;7.0;20.0
15;1;1;1;1;1;0;2;2;4;0;1;0;0;40.0;16.0
15;0;0;0;2;0;1;3;3;2;0;0;1;1;20.0;17.0
20;0;1;1;0;0;0;4;1;4;3;1;0;1;25.0;11.0
21;1;1;1;1;0;0;2;1;3;1;1;1;1;44.0;12.0
21;0;0;3;3;1;0;2;1;2;3;1;0;0;21.0;16.0
15;0;0;3;2;1;1;3;1;4;3;0;1;1;27.0;17.0
19;0;0;3;2;0;0;1;3;1;0;1;1;0;2.0;20.0
20;0;1;0;2;0;0;4;1;2;2;1;1;0;0.0;15.0
20;1;1;2;2;1;0;4;2;2;2;0;0;0;12.0;16.0
17;1;0;3;3;1;1;1;4;1;3;0;1;0;34.0;14.0
21;0;0;3;0;0;1;1;4;4;0;0;1;0;6.0;20.0
15;1;0;0;2;1;0;1;1;4;1;1;0;1;6.0;18.0
17;1;0;3;1;0;1;3;1;2;2;0;0;1;21.0;14.0
18;1;0;0;0;1;1;3;1;2;1;1;1;0;32.0;10.0
16;1;0;1;2;0;1;4;3;4;2;0;1;1;36.0;16.0
20;1;1;3;0;0;0;3;4;4;0;0;1;0;9.0;20.0
18;0;1;3;1;1;0;2;1;3;3;0;1;1;4.0;15.0
18;1;1;1;2;0;1;4;2;2;1;1;0;1;47.0;13.0
19;1;0;1;1;0;1;3;1;2;1;1;1;1;13.0;16.0
16;1;0;1;3;0;1;1;4;1;3;1;1;1;43.0;10.0
18;1;0;3;2;1;0;2;1;3;1;1;0;1;43.0;19.0
18;0;0;2;2;1;0;1;4;4;2;1;1;1;39.0;17.0
16;0;0;2;2;1;1;4;1;3;3;1;1;1;8.0;17.0
16;0;0;2;2;0;1;1;2;4;2;1;1;1;41.0;15.0
18;0;1;3;3;1;1;3;1;4;2;1;0;1;38.0;19.0
16;1;1;1;2;0;1;3;2;3;0;1;0;1;30.0;18.0
18;0;0;3;0;0;0;4;2;2;2;0;1;1;17.0;16.0
18;1;1;1;2;1;1;1;1;4;0;0;1;1;13.0;20.0
19;1;0;3;3;1;0;4;2;3;1;1;0;1;6.0;20.0
15;1;1;3;2;0;1;1;3;1;1;1;1;0;25.0;17.0
18;1;0;1;0;0;1;2;1;3;0;1;1;1;29.0;15.0
17;1;0;2;3;1;1;3;1;1;2;1;0;1;18.0;16.0
20;0;1;1;3;1;1;4;2;4;3;0;0;1;24.0;17.0
21;0;1;0;0;1;1;2;2;3;3;0;0;1;18.0;9.0
15;0;0;0;0;0;0;2;1;3;0;1;1;1;32.0;13.0
15;0;0;1;0;0;1;4;3;1;1;0;1;1;45.0;9.0
15;1;1;3;0;0;1;4;2;3;1;0;1;0;8.0;17.0
19;0;1;0;0;0;1;2;2;3;3;1;1;0;19.0;8.0
18;1;0;0;3;0;0;1;4;4;0;1;0;0;7.0;20.0
19;0;1;3;3;1;0;2;3;3;3;1;1;1;31.0;18.0
18;1;0;3;2;1;0;4;3;2;2;1;1;1;36.0;17.0
19;1;0;2;2;0;0;2;1;1;2;0;0;1;47.0;10.0
19;0;0;3;1;0;1;1;3;3;0;1;0;0;14.0;19.0
20;1;0;1;2;1;1;3;1;1;0;0;1;1;48.0;13.0
17;1;1;1;2;1;1;3;4;1;2;1;0;1;3.0;17.0
19;0;1;2;0;1;0;2;3;1;1;0;0;0;30.0;14.0
20;1;1;0;0;1;1;1;2;3;0;1;1;0;3.0;15.0
16;0;1;0;2;0;1;3;4;3;2;1;1;1;45.0;12.0
17;0;1;3;1;1;0;2;1;1;2;0;1;1;26.0;13.0
19;0;1;1;0;0;0;2;4;2;1;0;1;1;33.0;12.0
21;1;1;0;2;1;0;1;1;1;1;0;0;1;42.0;11.0
15;1;0;2;2;1;1;4;4;2;1;1;0;0;8.0;20.0
16;1;1;2;3;1;1;2;1;1;1;0;1;1;2.0;20.0
16;0;1;1;1;0;0;4;3;4;3;0;1;1;44.0;11.0
20;1;0;2;3;0;1;4;2;1;1;0;0;0;16.0;18.0
16;0;1;2;1;1;0;3;1;1;3;0;1;1;6.0;13.0
17;0;1;1;0;0;0;4;4;3;0;0;1;1;23.0;17.0
19;1;0;3;1;0;1;1;1;2;2;0;1;0;30.0;12.0
19;0;1;3;2;1;0;3;1;4;3;0;1;0;2.0;19.0
21;1;1;2;2;1;0;3;1;2;0;0;0;1;14.0;20.0
15;1;1;3;1;0;0;3;4;4;0;0;1;0;2.0;20.0
20;1;0;3;1;0;1;2;2;1;3;1;0;0;21.0;11.0
15;1;1;2;1;0;0;2;3;3;0;1;1;1;45.0;17.0
16;1;1;3;3;1;0;4;2;3;0;0;1;0;49.0;20.0
21;0;0;2;1;1;0;3;1;2;3;1;0;1;32.0;11.0
15;0;1;0;0;0;0;3;4;3;0;1;1;1;8.0;17.0
17;0;0;1;3;1;0;1;2;2;1;0;0;1;45.0;14.0
19;1;0;1;3;1;0;4;1;2;1;0;1;1;26.0;18.0
16;1;1;3;1;0;0;1;3;4;2;0;1;0;8.0;18.0
21;1;0;3;0;0;1;4;3;2;0;0;1;1;46.0;17.0
15;0;0;3;3;1;1;4;3;4;2;0;1;1;38.0;20.0
20;1;1;1;2;1;0;2;1;3;1;0;1;1;37.0;15.0
17;0;0;0;3;0;1;2;4;2;1;1;0;1;35.0;14.0
17;0;0;0;1;1;1;1;2;2;1;0;0;0;10.0;12.0
15;1;1;1;0;1;0;4;3;1;0;1;1;0;11.0;17.0
19;1;1;0;1;0;1;3;1;2;0;0;1;0;34.0;13.0
15;0;1;1;2;0;0;2;1;2;1;0;0;1;11.0;16.0
16;1;0;0;2;1;0;3;2;1;2;1;0;0;22.0;12.0
15;0;1;2;2;1;0;1;3;1;2;0;1;0;39.0;13.0
17;1;0;2;1;1;0;2;1;3;3;0;1;1;39.0;11.0
21;1;0;1;3;0;0;2;2;2;1;1;0;0;23.0;16.0
15;0;0;0;1;1;1;4;4;3;2;0;1;1;40.0;12.0
19;1;0;3;0;1;0;1;4;3;1;1;0;0;42.0;15.0
21;0;0;0;3;0;1;4;4;1;2;0;1;0;33.0;12.0
20;1;0;2;2;0;0;2;3;4;3;0;0;0;11.0;16.0
18;0;0;2;1;1;0;1;2;3;3;1;0;0;14.0;13.0
15;0;1;0;2;0;0;2;2;4;1;0;1;1;16.0;17.0
19;1;1;0;2;0;1;1;1;2;2;1;0;1;6.0;11.0
21;0;0;3;0;1;0;2;1;1;0;1;1;0;14.0;18.0
19;1;0;3;3;0;0;3;1;2;3;1;1;1;10.0;17.0
20;1;1;0;0;0;0;3;2;2;1;0;1;0;23.0;11.0
17;1;0;0;0;1;0;4;1;1;1;0;1;0;45.0;8.0
19;0;1;0;0;0;1;3;2;2;2;1;0;0;5.0;11.0
21;0;1;0;2;1;0;2;2;1;1;0;1;0;36.0;12.0
19;1;1;1;0;1;1;2;4;4;3;0;1;0;34.0;11.0
19;1;0;0;0;0;0;3;1;2;1;0;1;0;5.0;12.0
19;0;0;3;3;0;1;4;4;1;1;1;1;1;46.0;18.0
16;1;1;2;3;0;1;3;3;3;0;0;0;1;28.0;20.0
16;1;1;1;0;1;0;1;3;2;0;1;1;0;18.0;16.0
17;0;1;0;3;0;0;1;3;4;3;0;0;1;38.0;10.0
15;1;1;2;3;1;1;1;2;1;2;0;0;0;13.0;16.0
19;0;1;1;0;0;0;3;2;2;0;1;0;1;35.0;15.0
20;1;0;2;2;0;0;3;2;2;2;0;1;1;2.0;18.0
15;0;1;0;0;0;0;3;1;2;3;1;1;1;42.0;5.0
20;1;0;0;3;1;1;1;4;4;0;0;1;0;22.0;20.0
15;1;1;3;2;0;0;4;2;1;2;1;1;1;32.0;16.0
17;0;0;0;1;0;0;2;4;3;0;0;0;0;11.0;16.0
19;1;0;0;2;1;0;3;4;3;3;0;0;0;34.0;12.0
19;0;0;1;3;1;1;4;4;3;3;0;1;0;39.0;14.0
18;1;0;3;2;0;0;2;1;1;0;1;1;1;24.0;20.0
20;0;0;1;0;0;1;2;1;3;2;1;1;1;31.0;11.0
15;0;0;2;1;0;0;2;3;4;1;1;1;1;23.0;18.0
15;0;1;0;1;1;1;4;3;1;1;0;1;0;45.0;10.0
16;0;0;2;1;1;0;4;4;2;0;1;1;0;25.0;20.0
18;1;1;1;3;1;0;1;3;4;2;1;1;1;42.0;16.0
21;1;0;0;3;1;1;4;4;2;1;1;0;0;40.0;15.0
21;0;0;0;1;0;1;4;1;3;3;1;0;1;21.0;9.0
16;0;1;1;2;1;1;4;1;4;2;1;0;1;12.0;18.0
16;0;0;1;1;1;0;2;1;1;1;1;0;1;20.0;14.0
16;1;1;1;2;1;0;3;2;4;2;1;1;1;41.0;16.0
20;1;1;1;2;0;0;1;4;2;0;1;1;0;11.0;19.0
20;1;1;1;3;0;0;3;1;1;2;1;1;1;26.0;15.0
17;1;1;0;2;1;1;3;4;4;1;1;1;1;40.0;16.0
17;0;0;1;1;1;0;4;3;4;0;0;1;1;18.0;20.0
16;0;0;0;3;0;0;1;3;4;2;0;0;1;32.0;13.0
18;0;1;0;0;0;0;3;1;4;3;1;1;1;12.0;10.0
15;1;0;1;0;0;0;3;4;1;1;0;0;1;5.0;14.0
20;1;0;1;3;0;0;1;1;2;0;0;1;1;40.0;16.0
18;1;1;3;1;0;0;4;3;4;2;1;0;0;5.0;19.0
19;0;0;0;0;0;0;3;1;1;3;1;1;0;14.0;7.0
20;0;1;1;0;0;1;2;4;2;1;1;0;0;43.0;11.0
20;1;1;1;2;0;0;3;3;4;3;0;1;0;17.0;14.0
17;0;0;1;2;1;0;2;2;2;2;1;1;1;49.0;12.0
15;1;0;3;1;1;0;4;3;2;2;0;1;0;49.0;14.0
15;1;0;3;3;1;0;3;2;1;0;1;1;0;13.0;20.0
21;0;1;2;1;1;1;1;1;2;3;0;0;0;2.0;12.0
21;1;1;0;3;1;1;1;1;1;0;0;1;1;35.0;14.0
21;0;0;2;0;1;1;3;4;4;1;1;0;0;23.0;17.0
21;1;0;1;2;0;1;4;2;2;0;1;1;0;5.0;20.0
19;0;0;3;1;0;1;4;1;2;1;0;0;1;35.0;15.0
19;0;0;3;1;1;1;1;2;3;2;0;1;0;2.0;18.0
20;0;1;2;3;1;0;3;1;4;2;1;1;1;44.0;18.0
16;1;0;3;3;0;1;4;3;4;3;1;0;0;7.0;20.0
17;1;1;1;1;0;1;1;1;3;1;0;1;1;6.0;15.0
17;0;1;3;3;0;0;2;4;3;2;1;1;0;9.0;20.0
21;0;0;2;1;1;1;3;3;1;3;0;0;0;48.0;8.0
20;1;0;1;1;0;0;2;4;1;3;1;1;0;35.0;8.0
18;1;0;2;1;1;0;2;3;2;0;1;0;1;40.0;16.0
16;1;1;3;0;1;1;4;2;2;3;1;1;0;20.0;14.0
20;0;0;2;3;0;0;4;4;2;2;0;0;1;17.0;18.0
16;1;0;2;2;0;1;4;1;2;0;1;0;1;12.0;20.0
16;1;1;0;2;1;1;3;2;1;1;0;0;1;24.0;13.0
16;0;0;3;3;0;0;2;1;4;1;1;0;1;28.0;20.0
20;1;1;3;1;0;0;3;3;2;2;0;1;0;32.0;14.0
21;1;0;2;2;1;1;4;3;4;2;0;1;0;13.0;19.0
17;1;1;0;2;0;0;2;1;2;0;1;0;0;47.0;12.0
17;0;0;3;3;1;0;3;1;3;0;0;1;1;8.0;20.0
21;0;0;1;2;1;1;3;2;2;2;0;1;0;48.0;11.0
16;0;1;2;1;0;1;1;1;2;2;0;1;1;1.0;14.0
18;0;1;3;3;1;0;3;4;2;1;0;0;1;24.0;20.0
15;0;0;1;1;1;1;4;4;1;1;1;1;1;17.0;17.0
20;0;1;3;2;0;1;3;1;3;1;1;1;0;22.0;20.0
15;0;1;1;2;0;1;2;4;2;2;1;0;0;29.0;12.0
21;1;1;2;1;0;1;3;1;2;3;0;1;1;22.0;11.0
18;1;1;3;0;1;1;1;2;4;2;0;0;0;21.0;14.0
20;0;0;3;2;1;1;2;4;3;2;1;0;0;37.0;16.0
